Model,Weight
Logistic_Regression,0.14089047403529145
Decision_Tree,0.12983521742241555
Random_Forest,0.14298058400432848
XGBoost,0.14663275650979168
LightGBM,0.14633734731946177
SVM,0.14961757051091626
Gradient_Boosting,0.14370605019779475
