Model,Weight
Logistic_Regression,0.16830299300775056
Decision_Tree,0.11846336288240926
Random_Forest,0.11643256237585367
XGBoost,0.1473375017719136
LightGBM,0.1543082151969145
SVM,0.162663138613325
Gradient_Boosting,0.13249222615183348
