Model,Weight
Logistic_Regression,0.07351743129375406
Decision_Tree,0.1661604499767103
Random_Forest,0.1360796788602369
XGBoost,0.17793349313125983
LightGBM,0.17539158608652755
SVM,0.1205817154344877
Gradient_Boosting,0.1503356452170236
