Model,Weight
Logistic_Regression,0.13639529832278321
Decision_Tree,0.11041089991235994
Random_Forest,0.12870756332640815
XGBoost,0.15082917577313457
LightGBM,0.17365306163086816
SVM,0.14590011774133277
Gradient_Boosting,0.15410388329311323
