Model,Weight
Logistic_Regression,0.1688614999930012
Decision_Tree,0.1306773013871568
Random_Forest,0.09952594469284466
XGBoost,0.15294518234102208
LightGBM,0.15725724228155125
SVM,0.16978681631843848
Gradient_Boosting,0.12094601298598553
