Model,Weight
Logistic_Regression,0.14140127204584046
Decision_Tree,0.11377391247885313
Random_Forest,0.1383440375486301
XGBoost,0.15782156285578672
LightGBM,0.1579267772310239
SVM,0.15182976999664868
Gradient_Boosting,0.13890266784321692
