Model,Weight
Logistic_Regression,0.15781487101669198
Decision_Tree,0.11573090541224076
Random_Forest,0.21699544764795145
XGBoost,0.15781487101669198
LightGBM,0.17359635811836116
SVM,0.17804754678806273
Gradient_Boosting,0.0
