Model,Weight
Logistic_Regression,0.1415230569687216
Decision_Tree,0.12957908747747884
Random_Forest,0.1473917087067836
XGBoost,0.14502399336417712
LightGBM,0.14854578248860406
SVM,0.14399242155544617
Gradient_Boosting,0.14394394943878866
