Model,Weight
Logistic_Regression,0.14520082509014826
Decision_Tree,0.12899379868866273
Random_Forest,0.1383037858983662
XGBoost,0.1507576813110153
LightGBM,0.14833507901136497
SVM,0.1473339299948231
Gradient_Boosting,0.14107490000561945
