Model,Weight
Logistic_Regression,0.1382396608642274
Decision_Tree,0.12788140244719143
Random_Forest,0.1454052577290592
XGBoost,0.15029787856173715
LightGBM,0.14868507557257182
SVM,0.14645191794527063
Gradient_Boosting,0.14303880687994253
