Model,Weight
Logistic_Regression,0.13898498916823218
Decision_Tree,0.12696977398030343
Random_Forest,0.13252224474646995
XGBoost,0.15639674837463044
LightGBM,0.15652751488664937
SVM,0.14425414368715914
Gradient_Boosting,0.1443445851565555
