Model,Weight
Logistic_Regression,0.14399714069907796
Decision_Tree,0.10606439008013925
Random_Forest,0.11370867044627542
XGBoost,0.17925502183134645
LightGBM,0.1669532066076266
SVM,0.14310274852082278
Gradient_Boosting,0.1469188218147114
