Model,Weight
Logistic_Regression,0.12701380068444165
Decision_Tree,0.12337594405864333
Random_Forest,0.11797552817593539
XGBoost,0.16466698111580963
LightGBM,0.1592298638148159
SVM,0.1580774978357389
Gradient_Boosting,0.14966038431461515
