Model,Weight
Logistic_Regression,0.13973968988476076
Decision_Tree,0.135748148932106
Random_Forest,0.14735588197553848
XGBoost,0.1436052628429211
LightGBM,0.14471715933268395
SVM,0.14301233393934493
Gradient_Boosting,0.14582152309264484
