Model,Weight
Logistic_Regression,0.14584943281462642
Decision_Tree,0.11151946404547111
Random_Forest,0.1412414825521716
XGBoost,0.14488593532287
LightGBM,0.15470131141462687
SVM,0.15342333234801606
Gradient_Boosting,0.1483790415022181
