Model,Weight
Logistic_Regression,0.1273355173151781
Decision_Tree,0.151692674380309
Random_Forest,0.1420613934672735
XGBoost,0.17009982638844592
LightGBM,0.16886542997053267
SVM,0.1333991133778056
Gradient_Boosting,0.10654604510045514
