Model,Weight
Logistic_Regression,0.15072287507572427
Decision_Tree,0.1239565713984836
Random_Forest,0.13765867525563194
XGBoost,0.14960061540119834
LightGBM,0.1449492165546784
SVM,0.15161865903418814
Gradient_Boosting,0.14149338728009542
