Model,Weight
Logistic_Regression,0.2071582752445104
Decision_Tree,0.12648411326083608
Random_Forest,0.07869324092080426
XGBoost,0.16488107621501846
LightGBM,0.12241170809902886
SVM,0.20984864245547805
Gradient_Boosting,0.09052294380432387
