Model,Weight
Logistic_Regression,0.1476500302789262
Decision_Tree,0.13273220720632453
Random_Forest,0.14280439884885665
XGBoost,0.1392518745365907
LightGBM,0.14410769844721646
SVM,0.14918307447644455
Gradient_Boosting,0.14427071620564091
