Model,Weight
Logistic_Regression,0.14209166479931756
Decision_Tree,0.12289080081862663
Random_Forest,0.14394609749253748
XGBoost,0.14899627801030046
LightGBM,0.14983774873422462
SVM,0.14876777497505497
Gradient_Boosting,0.14346963516993835
