Model,Weight
Logistic_Regression,0.1477160856355836
Decision_Tree,0.1332568466140178
Random_Forest,0.1444196845666632
XGBoost,0.14354703591918513
LightGBM,0.14270434945702823
SVM,0.14626149599774593
Gradient_Boosting,0.14209450180977595
