Model,Weight
Logistic_Regression,0.14233808402085926
Decision_Tree,0.1255984928790678
Random_Forest,0.10338841189890832
XGBoost,0.1653783034697803
LightGBM,0.17338512484989158
SVM,0.16164469711341908
Gradient_Boosting,0.12826688576807363
