Model,Weight
Logistic_Regression,0.06232591300443778
Decision_Tree,0.16818103509134003
Random_Forest,0.13244256513443028
XGBoost,0.18034732273624549
LightGBM,0.18697773901331335
SVM,0.10116216030368544
Gradient_Boosting,0.16856326471654762
