Model,Weight
Logistic_Regression,0.14076189243009063
Decision_Tree,0.13615482050748978
Random_Forest,0.14495504872569806
XGBoost,0.1462505412072029
LightGBM,0.1458677875210122
SVM,0.1416827205649689
Gradient_Boosting,0.14432718904353745
