Model,Weight
Logistic_Regression,0.14725561613851879
Decision_Tree,0.1247881154289281
Random_Forest,0.13473585621760073
XGBoost,0.15067436296156927
LightGBM,0.15277746747721374
SVM,0.15557321689946868
Gradient_Boosting,0.1341953648767008
