Model,Weight
Logistic_Regression,0.14267882405643537
Decision_Tree,0.1318257038591926
Random_Forest,0.1268822399644729
XGBoost,0.15860279995559112
LightGBM,0.16112030471679095
SVM,0.12567383767909696
Gradient_Boosting,0.15321628976842008
