Model,Weight
Logistic_Regression,0.14134749357386797
Decision_Tree,0.1277608169351286
Random_Forest,0.1495782935682185
XGBoost,0.1458470483375906
LightGBM,0.14364603367338902
SVM,0.14499770003349513
Gradient_Boosting,0.14682261387831028
