Model,Weight
Logistic_Regression,0.09496217608240785
Decision_Tree,0.0
Random_Forest,0.0
XGBoost,0.398841139546113
LightGBM,0.14244326412361177
SVM,0.07886689200064381
Gradient_Boosting,0.28488652824722355
