Model,Weight
Logistic_Regression,0.1467113013238743
Decision_Tree,0.12873049219068775
Random_Forest,0.14435495203007012
XGBoost,0.14267314676370035
LightGBM,0.14668729068840203
SVM,0.14575799251566102
Gradient_Boosting,0.14508482448760437
