Model,Weight
Logistic_Regression,0.153383912994645
Decision_Tree,0.11887490399807613
Random_Forest,0.13307830251965433
XGBoost,0.15137013399509522
LightGBM,0.153879200295398
SVM,0.15837174497361114
Gradient_Boosting,0.13104180122352024
