Model,Weight
Logistic_Regression,0.10904750302771014
Decision_Tree,0.1537193766818204
Random_Forest,0.1354973229110271
XGBoost,0.16655747847063176
LightGBM,0.15111396351772174
SVM,0.11793285512626431
Gradient_Boosting,0.1661315002648245
