Model,Weight
Logistic_Regression,0.09448477263245723
Decision_Tree,0.0
Random_Forest,0.0
XGBoost,0.29174245584758723
LightGBM,0.17322208315950494
SVM,0.1488082325128633
Gradient_Boosting,0.29174245584758723
