Model,Weight
Logistic_Regression,0.12927815912033108
Decision_Tree,0.16758279885968844
Random_Forest,0.08043974345265044
XGBoost,0.1230772030969515
LightGBM,0.19340703343806664
SVM,0.14300398836026745
Gradient_Boosting,0.1632110736720444
