Model,Weight
Logistic_Regression,0.14050007902127115
Decision_Tree,0.12105696249584308
Random_Forest,0.14259270245467232
XGBoost,0.14807941554734963
LightGBM,0.15273818713224646
SVM,0.14663033638036288
Gradient_Boosting,0.14840231696825434
