Model,Weight
Logistic_Regression,0.14423901976908668
Decision_Tree,0.1305871703194042
Random_Forest,0.14139052554358697
XGBoost,0.1458747694299455
LightGBM,0.1482583699727181
SVM,0.14626419705165197
Gradient_Boosting,0.1433859479136065
