Model,Weight
Logistic_Regression,0.13623160930103706
Decision_Tree,0.11775404094278791
Random_Forest,0.13938703881475575
XGBoost,0.1592655288712877
LightGBM,0.15499067520768645
SVM,0.1548309836904111
Gradient_Boosting,0.13754012317203396
