Model,Weight
Logistic_Regression,0.1464629618724736
Decision_Tree,0.12033479444598806
Random_Forest,0.14077047762318037
XGBoost,0.1478655325423792
LightGBM,0.1493822829954618
SVM,0.15402993753923136
Gradient_Boosting,0.14115401298128558
