Model,Weight
Logistic_Regression,0.14398758569437808
Decision_Tree,0.12869732611372683
Random_Forest,0.14571016198652598
XGBoost,0.14527689112424766
LightGBM,0.14185305278313
SVM,0.1484800016228269
Gradient_Boosting,0.14599498067516453
