Model,Weight
Logistic_Regression,0.1386493528686697
Decision_Tree,0.13221702312081773
Random_Forest,0.14515516634903253
XGBoost,0.14530975119072478
LightGBM,0.14733636586171422
SVM,0.1498872104606228
Gradient_Boosting,0.14144513014841828
