Model,Weight
Logistic_Regression,0.13810175750841414
Decision_Tree,0.1312805284195145
Random_Forest,0.14397230155976967
XGBoost,0.14301385657472127
LightGBM,0.15148555809149802
SVM,0.14932043776695794
Gradient_Boosting,0.1428255600791245
