Model,Weight
Logistic_Regression,0.14214326747023417
Decision_Tree,0.12650528700348346
Random_Forest,0.14205337093367026
XGBoost,0.1466624372802393
LightGBM,0.14892313399203044
SVM,0.15108700284405588
Gradient_Boosting,0.1426255004762866
