Model,Weight
Logistic_Regression,0.14350001456362438
Decision_Tree,0.12082286123625069
Random_Forest,0.1343879210795045
XGBoost,0.1539372622003363
LightGBM,0.15325289273150147
SVM,0.15548737419444494
Gradient_Boosting,0.13861167399433783
