Model,Weight
Logistic_Regression,0.14739946066254642
Decision_Tree,0.13069910032481205
Random_Forest,0.1394447774065839
XGBoost,0.14256387344782845
LightGBM,0.14598694348737898
SVM,0.1451415741873542
Gradient_Boosting,0.14876427048349591
