Model,Weight
Logistic_Regression,0.14241160718101661
Decision_Tree,0.11912722650837858
Random_Forest,0.14286913371193702
XGBoost,0.1460141723600924
LightGBM,0.14304597498493551
SVM,0.15477629142482044
Gradient_Boosting,0.1517555938288195
