Model,Weight
Logistic_Regression,0.14414096737163246
Decision_Tree,0.12004941758430579
Random_Forest,0.13678683638328387
XGBoost,0.15096420843064465
LightGBM,0.1515965346494755
SVM,0.14949477473115022
Gradient_Boosting,0.1469672608495076
