Model,Weight
Logistic_Regression,0.14024453329324255
Decision_Tree,0.11640756153929749
Random_Forest,0.1311596718726186
XGBoost,0.16112248897047068
LightGBM,0.15923562583440354
SVM,0.1508943447238228
Gradient_Boosting,0.14093577376614433
