Model,Weight
Logistic_Regression,0.15510688439533607
Decision_Tree,0.12213279977911871
Random_Forest,0.11264538693335305
XGBoost,0.16266119911013566
LightGBM,0.16753397211785423
SVM,0.16768895314913956
Gradient_Boosting,0.11223080451506279
