Model,Weight
Logistic_Regression,0.14290879675392548
Decision_Tree,0.13134169029729673
Random_Forest,0.145260033779455
XGBoost,0.14434603591058243
LightGBM,0.1463970986231298
SVM,0.14553977349402386
Gradient_Boosting,0.1442065711415867
