Model,Weight
Logistic_Regression,0.1473796245960204
Decision_Tree,0.10132349190976402
Random_Forest,0.14325045407932155
XGBoost,0.15563288357339752
LightGBM,0.15394887142878874
SVM,0.14438597597141373
Gradient_Boosting,0.15407869844129404
