Model,Weight
Logistic_Regression,0.07698959801957325
Decision_Tree,0.1512935123873009
Random_Forest,0.04425592539220367
XGBoost,0.2780179928484589
LightGBM,0.23028747018244033
SVM,0.12205667978712831
Gradient_Boosting,0.0970988213828946
