Model,Weight
Logistic_Regression,0.17101373380432783
Decision_Tree,0.14593648478599902
Random_Forest,0.08397139005543594
XGBoost,0.1511485020997847
LightGBM,0.15311146965952216
SVM,0.17588189335247673
Gradient_Boosting,0.11893652624245353
