Model,Weight
Logistic_Regression,0.21532385555078049
Decision_Tree,0.22091668296768388
Random_Forest,0.0
XGBoost,0.1869295009726556
LightGBM,0.10125347969352178
SVM,0.27557648081535824
Gradient_Boosting,0.0
