Model,Weight
Logistic_Regression,0.1514207742545695
Decision_Tree,0.11457655025197395
Random_Forest,0.1424808023428606
XGBoost,0.14006252092378563
LightGBM,0.15340473198994212
SVM,0.15082928685513758
Gradient_Boosting,0.14722533338173063
