Model,Weight
Logistic_Regression,0.14109538555131487
Decision_Tree,0.13156461553060725
Random_Forest,0.1406815589831543
XGBoost,0.14198367628258482
LightGBM,0.14829789287232514
SVM,0.1524209212476585
Gradient_Boosting,0.14395594953235524
