Model,Weight
Logistic_Regression,0.13744734798251695
Decision_Tree,0.1354936760852301
Random_Forest,0.14698290592871455
XGBoost,0.14809214372719995
LightGBM,0.14841971764130024
SVM,0.1405437136656193
Gradient_Boosting,0.14302049496941913
