Model,Weight
Logistic_Regression,0.1512355106500196
Decision_Tree,0.11944140531061238
Random_Forest,0.13075330214751418
XGBoost,0.14958119897376185
LightGBM,0.1545212226033877
SVM,0.15757401266000337
Gradient_Boosting,0.13689334765470085
