Model,Weight
Logistic_Regression,0.1450185086259183
Decision_Tree,0.1586081763148683
Random_Forest,0.08337096447320001
XGBoost,0.13137242886686062
LightGBM,0.15938566737523532
SVM,0.1124721501855434
Gradient_Boosting,0.2097721041583742
