Model,Weight
Logistic_Regression,0.14593393311746336
Decision_Tree,0.11890913068830349
Random_Forest,0.14861877105612292
XGBoost,0.14525866041923347
LightGBM,0.15163063122951856
SVM,0.14653946810965202
Gradient_Boosting,0.143109405379706
