Model,Weight
Logistic_Regression,0.15120499997833675
Decision_Tree,0.1273927993815464
Random_Forest,0.14307957419401876
XGBoost,0.1373212943375644
LightGBM,0.14857040142411565
SVM,0.15036090757330783
Gradient_Boosting,0.14207002311111017
