Model,Weight
Logistic_Regression,0.15505627052732576
Decision_Tree,0.12726402086848052
Random_Forest,0.13736981070628132
XGBoost,0.13900435172857478
LightGBM,0.14909474921381835
SVM,0.15643750073534152
Gradient_Boosting,0.13577329622017756
