Model,Weight
Logistic_Regression,0.1746825716112787
Decision_Tree,0.11198688418013011
Random_Forest,0.07951068776789239
XGBoost,0.16171665308723873
LightGBM,0.17669041726198303
SVM,0.16819568566284926
Gradient_Boosting,0.1272171004286278
