Model,Weight
Logistic_Regression,0.16960802724464474
Decision_Tree,0.13262023016672092
Random_Forest,0.10371985326345921
XGBoost,0.13891051776356142
LightGBM,0.1666812445334921
SVM,0.17756131697886512
Gradient_Boosting,0.11089881004925649
