Model,Weight
Logistic_Regression,0.13180698670474533
Decision_Tree,0.13173884750913706
Random_Forest,0.14729677685898077
XGBoost,0.14927499476312966
LightGBM,0.14632064017228857
SVM,0.14501849939899655
Gradient_Boosting,0.14854325459272216
