Model,Weight
Logistic_Regression,0.208657338500706
Decision_Tree,0.10311271739428828
Random_Forest,0.0
XGBoost,0.17013598370057567
LightGBM,0.1546690760914324
SVM,0.20875580822156523
Gradient_Boosting,0.1546690760914324
