Model,Weight
Logistic_Regression,0.15757446901105834
Decision_Tree,0.10344223655972144
Random_Forest,0.058015222620796156
XGBoost,0.20305327917278654
LightGBM,0.2511999329972617
SVM,0.20640953172109705
Gradient_Boosting,0.020305327917278654
