Model,Weight
Logistic_Regression,0.1573826241223488
Decision_Tree,0.12270409545875316
Random_Forest,0.12665787507250292
XGBoost,0.14495599446026672
LightGBM,0.1556883859541728
SVM,0.16056207107431544
Gradient_Boosting,0.13204895385764023
