Model,Weight
Logistic_Regression,0.13446422094391153
Decision_Tree,0.12649125559198215
Random_Forest,0.14718110647591223
XGBoost,0.14961028299944643
LightGBM,0.15672784844775028
SVM,0.14542201049134848
Gradient_Boosting,0.14010327504964884
