Model,Weight
Logistic_Regression,0.14516716429465587
Decision_Tree,0.11887589348231495
Random_Forest,0.12097144453493351
XGBoost,0.16161698124962293
LightGBM,0.15845055195150734
SVM,0.15411663136956144
Gradient_Boosting,0.1408013331174041
