Model,Weight
Logistic_Regression,0.14919725522184127
Decision_Tree,0.11768960659917971
Random_Forest,0.1454509368497619
XGBoost,0.1495510827045808
LightGBM,0.14806547592274721
SVM,0.14775693271857387
Gradient_Boosting,0.1422887099833152
