Model,Weight
Logistic_Regression,0.13465229697849798
Decision_Tree,0.1397359762544069
Random_Forest,0.14712912727832947
XGBoost,0.14547269108013047
LightGBM,0.14619643581187242
SVM,0.13999436378446314
Gradient_Boosting,0.14681910881229976
