Model,Weight
Logistic_Regression,0.16582486622977805
Decision_Tree,0.1290221488282195
Random_Forest,0.1258316423379001
XGBoost,0.13925447260608773
LightGBM,0.14853810411316024
SVM,0.15857008935827563
Gradient_Boosting,0.13295867652657878
