Model,Weight
Logistic_Regression,0.14106545180512434
Decision_Tree,0.13295123858254793
Random_Forest,0.14634913305994676
XGBoost,0.1441801800430799
LightGBM,0.14696404538372804
SVM,0.141525905741845
Gradient_Boosting,0.14696404538372804
