Model,Weight
Logistic_Regression,0.14364417359476134
Decision_Tree,0.13342230356367346
Random_Forest,0.1308761577195567
XGBoost,0.14565831327465817
LightGBM,0.1563657684963694
SVM,0.15488333978205318
Gradient_Boosting,0.13514994356892773
