Model,Weight
Logistic_Regression,0.16106038664445987
Decision_Tree,0.11128341689862999
Random_Forest,0.0979525909159816
XGBoost,0.14895270023587287
LightGBM,0.15652347434461594
SVM,0.1997334054361562
Gradient_Boosting,0.12449402552428376
