Model,Weight
Logistic_Regression,0.09130737954858133
Decision_Tree,0.15439247814578297
Random_Forest,0.08271025614952658
XGBoost,0.21543136485458086
LightGBM,0.18905201405606076
SVM,0.1081730738601027
Gradient_Boosting,0.1589334333853648
