Model,Weight
Logistic_Regression,0.134109593903195
Decision_Tree,0.13927837477533778
Random_Forest,0.13876989083158445
XGBoost,0.1474286542945946
LightGBM,0.1506045550106913
SVM,0.14134277756350977
Gradient_Boosting,0.1484661536210872
